{"cameraMode":{"drawMode":0,"name":"Shaded","section":"Shading Mode"},"sceneLighting":false,"audioPlay":false,"sceneViewState":{"showFog":true,"showMaterialUpdate":false,"showSkybox":false,"showFlares":true,"showImageEffects":true,"showParticleSystems":true},"in2DMode":false,"pivot":{"x":-1.6700000762939454,"y":-0.009999990463256836,"z":-1.0},"rotation":{"x":-0.013802719302475453,"y":-0.030895134434103967,"z":0.00042661483166739345,"w":-0.9994285106658936},"size":9.362080574035645,"orthographic":false}